model,mean,std,time,val
CoxPH,0.7320495207602107,0.00501434105560066,0.00898138682047526,0.7304117268501966
Random Forests,0.7330007892248309,0.0065927068091350596,0.2775278687477112,0.7309910618519843
Gradient Boosting,0.7501169796939229,0.005084930252278273,0.09048700332641602,0.7509541651769753
SVM,0.47675735040081796,0.007885659288614068,0.017696849505106606,0.46835538076510547
