model,mean,std,time,val
CoxPH,0.7320495207602107,0.00501434105560066,0.013685349623362224,0.7304117268501966
Random Forests,0.7428861286077699,0.0028646574897201087,0.10778585275014242,0.7395173400071505
Gradient Boosting,0.7500384703224637,0.005115843510452326,0.0896001656850179,0.7510389703253486
SVM,0.47675735040081796,0.007885659288614068,0.028918246428171795,0.46835538076510547
