model,mean,std,time,val
CoxPH,0.7320495207602107,0.00501434105560066,0.015981403986612956,0.7304117268501966
