model,mean,std,time,val
CoxPH,0.7374647417077556,0.009991026721901592,0.012262582778930664,0.737126911683293
Random Forests,0.7379565166589591,0.009851004837489978,0.28608113129933677,0.7395248694884338
Gradient Boosting,0.7644262243713612,0.010745730155551586,0.16639386812845866,0.768961184845539
SVM,0.4763511752991271,0.004499994044672682,0.012833082675933838,0.46658682576210075
