model,mean,std,time,val
CoxPH,0.7375513539518691,0.010107311062585137,0.010535001754760742,0.7368685042434583
Random Forests,0.7379577138479594,0.009852141619325142,0.2734612504641215,0.7395248694884338
Gradient Boosting,0.7645609711903726,0.010976115444579358,0.13254921833674113,0.7691645477639852
SVM,0.4763511097508452,0.004500080598725409,0.012854464848836263,0.46658122070639796
