model,mean,std,time,val
CoxPH,0.7375513539518691,0.010107311062585137,0.010313864549001057,0.7368685042434583
Random Forests,0.7379565166589591,0.009851004837489978,0.2737760186195374,0.7395248694884338
Gradient Boosting,0.7646498627002118,0.011138468336890434,0.11777979930241902,0.7690977182536831
SVM,0.476350081107205,0.004499019878513595,0.01840617259343465,0.46584350914428907
