model,mean,std,time,val
CoxPH,0.73198354717171,0.00518202597623781,0.017229366302490234,0.7300650697175545
Random Forests,0.7316702281033296,0.0061791684273314685,0.30437803268432617,0.7313164104397569
Gradient Boosting,0.7494111396757951,0.004066282456377041,0.1287973165512085,0.7505867715409367
SVM,0.47675832137698143,0.007885748913598592,0.02471241553624471,0.4691635323560958
