model,mean,std,time,val
CoxPH,0.7324881004601009,0.005161402027953215,0.016527434190114338,0.7306268144440472
Random Forests,0.7330007892248309,0.006592706809135059,0.30478978554407754,0.7309910618519843
Gradient Boosting,0.7498451310133778,0.00497333202924672,0.1294948140780131,0.7502182338219521
SVM,0.4767583196063748,0.007885547892580514,0.030323684215545654,0.46913593135502324
