model,mean,std,time,val
CoxPH,0.73203581311848,0.005106048927789855,0.015511862436930339,0.7304563460850911
Random Forests,0.7304237593294672,0.0065242258636059505,0.2969683051109314,0.7286984626385413
Gradient Boosting,0.7484661979371297,0.005062034381071783,0.12357635100682576,0.7478898820164462
SVM,0.47675832137698143,0.007885748913598592,0.02162017027537028,0.4691516624955309
