model,mean,std,time,val
CoxPH,0.7324666725440501,0.00478719421839376,0.019298168023427327,0.7299914193779049
Random Forests,0.7299035837769148,0.006781889631150895,0.29308793544769285,0.7286984626385413
Gradient Boosting,0.7490042772118474,0.004970396475602621,0.12343867222468058,0.7481913478727208
SVM,0.4767585769304784,0.00788537846270978,0.021591150760650636,0.4691626742938863
