model,mean,std,time,val
CoxPH,0.7319152466519728,0.00512650093073809,0.023300854365030925,0.7303908473364319
Random Forests,0.7304237593294672,0.0065242258636059505,0.29610753456751504,0.7286984626385413
Gradient Boosting,0.7486057836677317,0.0050099773720526835,0.12464842001597086,0.7482694315337862
SVM,0.47675832137698143,0.007885748913598592,0.018444466590881347,0.4691505184125849
