model,mean,std,time,val
CoxPH,0.7321692431073978,0.005154922043640866,0.02401231527328491,0.7308174472649267
Random Forests,0.7316912418269075,0.006143755087440232,0.3051565686861674,0.7313164104397569
Gradient Boosting,0.7493061759176698,0.00448482719808484,0.13423888285954794,0.7496660707901323
SVM,0.4767584491537299,0.007885563685153392,0.025996955235799153,0.4691645334286736
