model,mean,std,time,val
CoxPH,0.7319726554717418,0.004768579442952456,0.02005386749903361,0.7304657847693958
Random Forests,0.7422812268616255,0.003545171764414382,0.084684153397878,0.7369737575974258
Gradient Boosting,0.7485142764381729,0.005120420882571183,0.12522250016530354,0.7480573471576689
SVM,0.4767585769304784,0.00788537846270978,0.01900643507639567,0.46916324633535933
