model,mean,std,time,val
CoxPH,0.7324881004601009,0.005161402027953215,0.010670904318491619,0.7306268144440472
Random Forests,0.7329989142357125,0.006593648616289791,0.2773040811220805,0.7309910618519843
Gradient Boosting,0.7499288798985738,0.00489924717878555,0.1755613366762797,0.7500963889882016
