model,mean,std,time,val
CoxPH,0.7319219547607425,0.00537063501378766,0.017624584833780925,0.7304191633893458
Random Forests,0.7316729066592129,0.006177682440355753,0.31075532039006554,0.7313164104397569
Gradient Boosting,0.7491667598592532,0.0037627502096750287,0.1696342388788859,0.7505597425813372
SVM,0.4767585769304784,0.00788537846270978,0.037040650844573975,0.46916310332499106
