model,mean,std,time,val
CoxPH,0.7324881004601009,0.005161402027953215,0.010677568117777507,0.7306268144440472
Random Forests,0.7329989142357125,0.006593648616289791,0.2848907828330994,0.7309910618519843
Gradient Boosting,0.7499288798985738,0.00489924717878555,0.13836740255355834,0.7500963889882016
SVM,0.4767583196063748,0.007885547892580514,0.013077600797017416,0.46913593135502324
