model,mean,std,time,val
CoxPH,0.73226099100608,0.005260738094075594,0.020591533184051512,0.7304723632463354
Random Forests,0.7302058607643601,0.006273914789501789,0.29670801957448323,0.7286984626385413
Gradient Boosting,0.7486135130124273,0.004829302697517083,0.1237813671429952,0.7476956739363604
SVM,0.47675832137698143,0.007885748913598592,0.02280143102010091,0.469158526993207
